{
  "mAP50": 0.040397950953685695,
  "mAP50_95": 0.02863510108928387,
  "precision": 0.04226206010895006,
  "recall": 0.11785714285714284,
  "f1_score": 0.06221471957679487
}